gunsInHome,suicide
guns,suicide
guns,suicide
guns,suicide
guns,suicide
guns,suicide
guns,suicide
guns,suicide
guns,suicide
guns,suicide
guns,suicide
guns,suicide
guns,suicide
guns,suicide
guns,suicide
guns,suicide
guns,suicide
guns,suicide
guns,suicide
guns,suicide
guns,suicide
guns,suicide
guns,suicide
guns,suicide
guns,suicide
guns,suicide
guns,suicide
guns,suicide
guns,suicide
guns,suicide
guns,suicide
guns,suicide
guns,suicide
guns,suicide
guns,suicide
guns,suicide
guns,suicide
guns,suicide
guns,suicide
guns,suicide
guns,suicide
guns,suicide
guns,suicide
guns,suicide
guns,suicide
guns,suicide
guns,suicide
guns,suicide
guns,suicide
guns,suicide
guns,suicide
guns,suicide
guns,control
guns,control
guns,control
guns,control
guns,control
guns,control
guns,control
guns,control
guns,control
guns,control
guns,control
guns,control
guns,control
guns,control
guns,control
guns,control
no guns,suicide
no guns,suicide
no guns,suicide
no guns,suicide
no guns,suicide
no guns,suicide
no guns,suicide
no guns,suicide
no guns,suicide
no guns,suicide
no guns,suicide
no guns,suicide
no guns,suicide
no guns,suicide
no guns,suicide
no guns,suicide
no guns,control
no guns,control
no guns,control
no guns,control
no guns,control
no guns,control
no guns,control
no guns,control
no guns,control
no guns,control
no guns,control
no guns,control
no guns,control
no guns,control
no guns,control
no guns,control
no guns,control
no guns,control
no guns,control
no guns,control
no guns,control
no guns,control
no guns,control
no guns,control
no guns,control
no guns,control
no guns,control
no guns,control
no guns,control
no guns,control
no guns,control
no guns,control
no guns,control
no guns,control
no guns,control
no guns,control
no guns,control
no guns,control
no guns,control
no guns,control
no guns,control
no guns,control
no guns,control
no guns,control
no guns,control
no guns,control
no guns,control
no guns,control
no guns,control
no guns,control
no guns,control